{
  "Use Non-ASCII Font" : false,
  "Tags" : [

  ],
  "Ansi 12 Color" : {
    "Red Component" : 0.4862745098039216,
    "Color Space" : "sRGB",
    "Blue Component" : 0.7607843137254902,
    "Green Component" : 0.6862745098039216
  },
  "Ansi 7 Color" : {
    "Red Component" : 0.8470588235294118,
    "Color Space" : "sRGB",
    "Blue Component" : 0.8470588235294118,
    "Green Component" : 0.8470588235294118
  },
  "Ansi 8 Color" : {
    "Red Component" : 0.3450980392156863,
    "Color Space" : "sRGB",
    "Blue Component" : 0.3450980392156863,
    "Green Component" : 0.3450980392156863
  },
  "Bold Color" : {
    "Red Component" : 0.8470588235294118,
    "Color Space" : "sRGB",
    "Blue Component" : 0.8470588235294118,
    "Green Component" : 0.8470588235294118
  },
  "Ansi 9 Color" : {
    "Red Component" : 0.6705882352941176,
    "Color Space" : "sRGB",
    "Blue Component" : 0.2588235294117647,
    "Green Component" : 0.2745098039215687
  },
  "Ansi 4 Color" : {
    "Red Component" : 0.4862745098039216,
    "Color Space" : "sRGB",
    "Blue Component" : 0.7607843137254902,
    "Green Component" : 0.6862745098039216
  },
  "Right Option Key Sends" : 0,
  "Rows" : 25,
  "Default Bookmark" : "No",
  "Cursor Guide Color" : {
    "Red Component" : 0.65,
    "Color Space" : "Calibrated",
    "Blue Component" : 1,
    "Alpha Component" : 0.25,
    "Green Component" : 0.91
  },
  "Non-ASCII Anti Aliased" : true,
  "Use Bright Bold" : true,
  "Ansi 10 Color" : {
    "Red Component" : 0.6313725490196078,
    "Color Space" : "sRGB",
    "Blue Component" : 0.4235294117647059,
    "Green Component" : 0.7098039215686275
  },
  "Ambiguous Double Width" : false,
  "Jobs to Ignore" : [
    "rlogin",
    "ssh",
    "slogin",
    "telnet"
  ],
  "Ansi 15 Color" : {
    "Red Component" : 0.9725490196078431,
    "Color Space" : "sRGB",
    "Blue Component" : 0.9725490196078431,
    "Green Component" : 0.9725490196078431
  },
  "Foreground Color" : {
    "Red Component" : 0.8470588235294118,
    "Color Space" : "sRGB",
    "Blue Component" : 0.8470588235294118,
    "Green Component" : 0.8470588235294118
  },
  "Bound Hosts" : [

  ],
  "Working Directory" : "\/Users\/abnerchen\/Projects",
  "Blinking Cursor" : false,
  "Disable Window Resizing" : true,
  "Sync Title" : false,
  "Prompt Before Closing 2" : false,
  "BM Growl" : true,
  "Command" : "",
  "Description" : "Default",
  "Mouse Reporting" : true,
  "Screen" : -1,
  "Selection Color" : {
    "Red Component" : 0.2196078431372549,
    "Color Space" : "sRGB",
    "Blue Component" : 0.2196078431372549,
    "Green Component" : 0.2196078431372549
  },
  "Columns" : 80,
  "Idle Code" : 0,
  "Ansi 13 Color" : {
    "Red Component" : 0.7294117647058823,
    "Color Space" : "sRGB",
    "Blue Component" : 0.6862745098039216,
    "Green Component" : 0.5450980392156862
  },
  "Custom Command" : "No",
  "ASCII Anti Aliased" : true,
  "Non Ascii Font" : "Monaco 12",
  "Vertical Spacing" : 1,
  "Use Bold Font" : true,
  "Option Key Sends" : 0,
  "Selected Text Color" : {
    "Red Component" : 0.8470588235294118,
    "Color Space" : "sRGB",
    "Blue Component" : 0.8470588235294118,
    "Green Component" : 0.8470588235294118
  },
  "Background Color" : {
    "Red Component" : 0.09411764705882353,
    "Color Space" : "sRGB",
    "Blue Component" : 0.09411764705882353,
    "Green Component" : 0.09411764705882353
  },
  "Character Encoding" : 4,
  "Ansi 11 Color" : {
    "Red Component" : 0.9686274509803922,
    "Color Space" : "sRGB",
    "Blue Component" : 0.5333333333333333,
    "Green Component" : 0.792156862745098
  },
  "Use Italic Font" : true,
  "Unlimited Scrollback" : false,
  "Keyboard Map" : {
    "0xf700-0x260000" : {
      "Action" : 10,
      "Text" : "[1;6A"
    },
    "0x37-0x40000" : {
      "Action" : 11,
      "Text" : "0x1f"
    },
    "0x32-0x40000" : {
      "Action" : 11,
      "Text" : "0x00"
    },
    "0xf709-0x20000" : {
      "Action" : 10,
      "Text" : "[17;2~"
    },
    "0xf70c-0x20000" : {
      "Action" : 10,
      "Text" : "[20;2~"
    },
    "0xf729-0x20000" : {
      "Action" : 10,
      "Text" : "[1;2H"
    },
    "0xf72b-0x40000" : {
      "Action" : 10,
      "Text" : "[1;5F"
    },
    "0xf705-0x20000" : {
      "Action" : 10,
      "Text" : "[1;2Q"
    },
    "0xf703-0x260000" : {
      "Action" : 10,
      "Text" : "[1;6C"
    },
    "0xf700-0x220000" : {
      "Action" : 10,
      "Text" : "[1;2A"
    },
    "0xf701-0x280000" : {
      "Action" : 11,
      "Text" : "0x1b 0x1b 0x5b 0x42"
    },
    "0x38-0x40000" : {
      "Action" : 11,
      "Text" : "0x7f"
    },
    "0x33-0x40000" : {
      "Action" : 11,
      "Text" : "0x1b"
    },
    "0xf703-0x220000" : {
      "Action" : 10,
      "Text" : "[1;2C"
    },
    "0xf701-0x240000" : {
      "Action" : 10,
      "Text" : "[1;5B"
    },
    "0xf70d-0x20000" : {
      "Action" : 10,
      "Text" : "[21;2~"
    },
    "0xf702-0x260000" : {
      "Action" : 10,
      "Text" : "[1;6D"
    },
    "0xf729-0x40000" : {
      "Action" : 10,
      "Text" : "[1;5H"
    },
    "0xf706-0x20000" : {
      "Action" : 10,
      "Text" : "[1;2R"
    },
    "0x34-0x40000" : {
      "Action" : 11,
      "Text" : "0x1c"
    },
    "0xf700-0x280000" : {
      "Action" : 11,
      "Text" : "0x1b 0x1b 0x5b 0x41"
    },
    "0x2d-0x40000" : {
      "Action" : 11,
      "Text" : "0x1f"
    },
    "0xf70e-0x20000" : {
      "Action" : 10,
      "Text" : "[23;2~"
    },
    "0xf702-0x220000" : {
      "Action" : 10,
      "Text" : "[1;2D"
    },
    "0xf703-0x280000" : {
      "Action" : 11,
      "Text" : "0x1b 0x1b 0x5b 0x43"
    },
    "0xf700-0x240000" : {
      "Action" : 10,
      "Text" : "[1;5A"
    },
    "0xf707-0x20000" : {
      "Action" : 10,
      "Text" : "[1;2S"
    },
    "0xf70a-0x20000" : {
      "Action" : 10,
      "Text" : "[18;2~"
    },
    "0x35-0x40000" : {
      "Action" : 11,
      "Text" : "0x1d"
    },
    "0xf70f-0x20000" : {
      "Action" : 10,
      "Text" : "[24;2~"
    },
    "0xf703-0x240000" : {
      "Action" : 10,
      "Text" : "[1;5C"
    },
    "0xf701-0x260000" : {
      "Action" : 10,
      "Text" : "[1;6B"
    },
    "0xf702-0x280000" : {
      "Action" : 11,
      "Text" : "0x1b 0x1b 0x5b 0x44"
    },
    "0xf72b-0x20000" : {
      "Action" : 10,
      "Text" : "[1;2F"
    },
    "0x36-0x40000" : {
      "Action" : 11,
      "Text" : "0x1e"
    },
    "0xf708-0x20000" : {
      "Action" : 10,
      "Text" : "[15;2~"
    },
    "0xf701-0x220000" : {
      "Action" : 10,
      "Text" : "[1;2B"
    },
    "0xf70b-0x20000" : {
      "Action" : 10,
      "Text" : "[19;2~"
    },
    "0xf702-0x240000" : {
      "Action" : 10,
      "Text" : "[1;5D"
    },
    "0xf704-0x20000" : {
      "Action" : 10,
      "Text" : "[1;2P"
    }
  },
  "Window Type" : 0,
  "Background Image Location" : "",
  "Blur" : false,
  "Badge Color" : {
    "Red Component" : 1,
    "Color Space" : "Calibrated",
    "Blue Component" : 0,
    "Alpha Component" : 0.5,
    "Green Component" : 0
  },
  "Scrollback Lines" : 1000,
  "Send Code When Idle" : false,
  "Close Sessions On End" : true,
  "Terminal Type" : "xterm-256color",
  "Visual Bell" : true,
  "Flashing Bell" : false,
  "Silence Bell" : false,
  "Ansi 14 Color" : {
    "Red Component" : 0.5254901960784314,
    "Color Space" : "sRGB",
    "Blue Component" : 0.7254901960784313,
    "Green Component" : 0.7568627450980392
  },
  "Name" : "Base16",
  "Cursor Text Color" : {
    "Red Component" : 0.09411764705882353,
    "Color Space" : "sRGB",
    "Blue Component" : 0.09411764705882353,
    "Green Component" : 0.09411764705882353
  },
  "Shortcut" : "",
  "Cursor Color" : {
    "Red Component" : 0.8470588235294118,
    "Color Space" : "sRGB",
    "Blue Component" : 0.8470588235294118,
    "Green Component" : 0.8470588235294118
  },
  "Transparency" : 0,
  "Guid" : "40497E24-F0AC-49C4-A99D-8DBAF0FFD895",
  "Ansi 2 Color" : {
    "Red Component" : 0.6313725490196078,